{
	"BUILD_DIR" : "/Users/thompson/Qt/Project/Qt_hw2/build/Qt_6_2_0_for_macOS-Release/Qt_hw2_autogen",
	"CMAKE_BINARY_DIR" : "/Users/thompson/Qt/Project/Qt_hw2/build/Qt_6_2_0_for_macOS-Release",
	"CMAKE_CURRENT_BINARY_DIR" : "/Users/thompson/Qt/Project/Qt_hw2/build/Qt_6_2_0_for_macOS-Release",
	"CMAKE_CURRENT_SOURCE_DIR" : "/Users/thompson/Qt/Project/Qt_hw2",
	"CMAKE_EXECUTABLE" : "/Users/thompson/Qt/Tools/CMake/CMake.app/Contents/bin/cmake",
	"CMAKE_LIST_FILES" : 
	[
		"/Users/thompson/Qt/Project/Qt_hw2/CMakeLists.txt",
		"/Users/thompson/Qt/Project/Qt_hw2/build/Qt_6_2_0_for_macOS-Release/.qtc/package-manager/auto-setup.cmake",
		"/Users/thompson/Qt/Tools/CMake/CMake.app/Contents/share/cmake-3.29/Modules/CMakeDetermineSystem.cmake",
		"/Users/thompson/Qt/Tools/CMake/CMake.app/Contents/share/cmake-3.29/Modules/CMakeSystem.cmake.in",
		"/Users/thompson/Qt/Project/Qt_hw2/build/Qt_6_2_0_for_macOS-Release/CMakeFiles/3.29.3/CMakeSystem.cmake",
		"/Users/thompson/Qt/Tools/CMake/CMake.app/Contents/share/cmake-3.29/Modules/CMakeUnixFindMake.cmake",
		"/Users/thompson/Qt/Tools/CMake/CMake.app/Contents/share/cmake-3.29/Modules/CMakeSystemSpecificInitialize.cmake",
		"/Users/thompson/Qt/Tools/CMake/CMake.app/Contents/share/cmake-3.29/Modules/Platform/Darwin-Initialize.cmake",
		"/Users/thompson/Qt/Tools/CMake/CMake.app/Contents/share/cmake-3.29/Modules/CMakeDetermineCXXCompiler.cmake",
		"/Users/thompson/Qt/Tools/CMake/CMake.app/Contents/share/cmake-3.29/Modules/CMakeDetermineCompiler.cmake",
		"/Users/thompson/Qt/Tools/CMake/CMake.app/Contents/share/cmake-3.29/Modules/Platform/Darwin-Determine-CXX.cmake",
		"/Users/thompson/Qt/Tools/CMake/CMake.app/Contents/share/cmake-3.29/Modules/CMakeDetermineCompilerId.cmake",
		"/Users/thompson/Qt/Tools/CMake/CMake.app/Contents/share/cmake-3.29/Modules/CMakeCompilerIdDetection.cmake",
		"/Users/thompson/Qt/Tools/CMake/CMake.app/Contents/share/cmake-3.29/Modules/Compiler/ADSP-DetermineCompiler.cmake",
		"/Users/thompson/Qt/Tools/CMake/CMake.app/Contents/share/cmake-3.29/Modules/Compiler/ARMCC-DetermineCompiler.cmake",
		"/Users/thompson/Qt/Tools/CMake/CMake.app/Contents/share/cmake-3.29/Modules/Compiler/ARMClang-DetermineCompiler.cmake",
		"/Users/thompson/Qt/Tools/CMake/CMake.app/Contents/share/cmake-3.29/Modules/Compiler/AppleClang-DetermineCompiler.cmake",
		"/Users/thompson/Qt/Tools/CMake/CMake.app/Contents/share/cmake-3.29/Modules/Compiler/Clang-DetermineCompilerInternal.cmake",
		"/Users/thompson/Qt/Tools/CMake/CMake.app/Contents/share/cmake-3.29/Modules/Compiler/Borland-DetermineCompiler.cmake",
		"/Users/thompson/Qt/Tools/CMake/CMake.app/Contents/share/cmake-3.29/Modules/Compiler/Clang-DetermineCompiler.cmake",
		"/Users/thompson/Qt/Tools/CMake/CMake.app/Contents/share/cmake-3.29/Modules/Compiler/Clang-DetermineCompilerInternal.cmake",
		"/Users/thompson/Qt/Tools/CMake/CMake.app/Contents/share/cmake-3.29/Modules/Compiler/Compaq-CXX-DetermineCompiler.cmake",
		"/Users/thompson/Qt/Tools/CMake/CMake.app/Contents/share/cmake-3.29/Modules/Compiler/Cray-DetermineCompiler.cmake",
		"/Users/thompson/Qt/Tools/CMake/CMake.app/Contents/share/cmake-3.29/Modules/Compiler/CrayClang-DetermineCompiler.cmake",
		"/Users/thompson/Qt/Tools/CMake/CMake.app/Contents/share/cmake-3.29/Modules/Compiler/Embarcadero-DetermineCompiler.cmake",
		"/Users/thompson/Qt/Tools/CMake/CMake.app/Contents/share/cmake-3.29/Modules/Compiler/Fujitsu-DetermineCompiler.cmake",
		"/Users/thompson/Qt/Tools/CMake/CMake.app/Contents/share/cmake-3.29/Modules/Compiler/FujitsuClang-DetermineCompiler.cmake",
		"/Users/thompson/Qt/Tools/CMake/CMake.app/Contents/share/cmake-3.29/Modules/Compiler/GHS-DetermineCompiler.cmake",
		"/Users/thompson/Qt/Tools/CMake/CMake.app/Contents/share/cmake-3.29/Modules/Compiler/GNU-CXX-DetermineCompiler.cmake",
		"/Users/thompson/Qt/Tools/CMake/CMake.app/Contents/share/cmake-3.29/Modules/Compiler/HP-CXX-DetermineCompiler.cmake",
		"/Users/thompson/Qt/Tools/CMake/CMake.app/Contents/share/cmake-3.29/Modules/Compiler/IAR-DetermineCompiler.cmake",
		"/Users/thompson/Qt/Tools/CMake/CMake.app/Contents/share/cmake-3.29/Modules/Compiler/IBMClang-CXX-DetermineCompiler.cmake",
		"/Users/thompson/Qt/Tools/CMake/CMake.app/Contents/share/cmake-3.29/Modules/Compiler/Intel-DetermineCompiler.cmake",
		"/Users/thompson/Qt/Tools/CMake/CMake.app/Contents/share/cmake-3.29/Modules/Compiler/IntelLLVM-DetermineCompiler.cmake",
		"/Users/thompson/Qt/Tools/CMake/CMake.app/Contents/share/cmake-3.29/Modules/Compiler/LCC-CXX-DetermineCompiler.cmake",
		"/Users/thompson/Qt/Tools/CMake/CMake.app/Contents/share/cmake-3.29/Modules/Compiler/MSVC-DetermineCompiler.cmake",
		"/Users/thompson/Qt/Tools/CMake/CMake.app/Contents/share/cmake-3.29/Modules/Compiler/NVHPC-DetermineCompiler.cmake",
		"/Users/thompson/Qt/Tools/CMake/CMake.app/Contents/share/cmake-3.29/Modules/Compiler/NVIDIA-DetermineCompiler.cmake",
		"/Users/thompson/Qt/Tools/CMake/CMake.app/Contents/share/cmake-3.29/Modules/Compiler/OpenWatcom-DetermineCompiler.cmake",
		"/Users/thompson/Qt/Tools/CMake/CMake.app/Contents/share/cmake-3.29/Modules/Compiler/OrangeC-DetermineCompiler.cmake",
		"/Users/thompson/Qt/Tools/CMake/CMake.app/Contents/share/cmake-3.29/Modules/Compiler/PGI-DetermineCompiler.cmake",
		"/Users/thompson/Qt/Tools/CMake/CMake.app/Contents/share/cmake-3.29/Modules/Compiler/PathScale-DetermineCompiler.cmake",
		"/Users/thompson/Qt/Tools/CMake/CMake.app/Contents/share/cmake-3.29/Modules/Compiler/SCO-DetermineCompiler.cmake",
		"/Users/thompson/Qt/Tools/CMake/CMake.app/Contents/share/cmake-3.29/Modules/Compiler/SunPro-CXX-DetermineCompiler.cmake",
		"/Users/thompson/Qt/Tools/CMake/CMake.app/Contents/share/cmake-3.29/Modules/Compiler/TI-DetermineCompiler.cmake",
		"/Users/thompson/Qt/Tools/CMake/CMake.app/Contents/share/cmake-3.29/Modules/Compiler/TIClang-DetermineCompiler.cmake",
		"/Users/thompson/Qt/Tools/CMake/CMake.app/Contents/share/cmake-3.29/Modules/Compiler/Tasking-DetermineCompiler.cmake",
		"/Users/thompson/Qt/Tools/CMake/CMake.app/Contents/share/cmake-3.29/Modules/Compiler/VisualAge-CXX-DetermineCompiler.cmake",
		"/Users/thompson/Qt/Tools/CMake/CMake.app/Contents/share/cmake-3.29/Modules/Compiler/IBMCPP-CXX-DetermineVersionInternal.cmake",
		"/Users/thompson/Qt/Tools/CMake/CMake.app/Contents/share/cmake-3.29/Modules/Compiler/Watcom-DetermineCompiler.cmake",
		"/Users/thompson/Qt/Tools/CMake/CMake.app/Contents/share/cmake-3.29/Modules/Compiler/XL-CXX-DetermineCompiler.cmake",
		"/Users/thompson/Qt/Tools/CMake/CMake.app/Contents/share/cmake-3.29/Modules/Compiler/IBMCPP-CXX-DetermineVersionInternal.cmake",
		"/Users/thompson/Qt/Tools/CMake/CMake.app/Contents/share/cmake-3.29/Modules/Compiler/XLClang-CXX-DetermineCompiler.cmake",
		"/Users/thompson/Qt/Tools/CMake/CMake.app/Contents/share/cmake-3.29/Modules/Compiler/zOS-CXX-DetermineCompiler.cmake",
		"/Users/thompson/Qt/Tools/CMake/CMake.app/Contents/share/cmake-3.29/Modules/Compiler/IBMCPP-CXX-DetermineVersionInternal.cmake",
		"/Users/thompson/Qt/Tools/CMake/CMake.app/Contents/share/cmake-3.29/Modules/CMakeFindBinUtils.cmake",
		"/Users/thompson/Qt/Tools/CMake/CMake.app/Contents/share/cmake-3.29/Modules/CMakeCXXCompiler.cmake.in",
		"/Users/thompson/Qt/Project/Qt_hw2/build/Qt_6_2_0_for_macOS-Release/CMakeFiles/3.29.3/CMakeCXXCompiler.cmake",
		"/Users/thompson/Qt/Tools/CMake/CMake.app/Contents/share/cmake-3.29/Modules/CMakeSystemSpecificInformation.cmake",
		"/Users/thompson/Qt/Tools/CMake/CMake.app/Contents/share/cmake-3.29/Modules/CMakeGenericSystem.cmake",
		"/Users/thompson/Qt/Tools/CMake/CMake.app/Contents/share/cmake-3.29/Modules/CMakeInitializeConfigs.cmake",
		"/Users/thompson/Qt/Tools/CMake/CMake.app/Contents/share/cmake-3.29/Modules/Platform/Darwin.cmake",
		"/Users/thompson/Qt/Tools/CMake/CMake.app/Contents/share/cmake-3.29/Modules/Platform/UnixPaths.cmake",
		"/Users/thompson/Qt/Tools/CMake/CMake.app/Contents/share/cmake-3.29/Modules/CMakeCXXInformation.cmake",
		"/Users/thompson/Qt/Tools/CMake/CMake.app/Contents/share/cmake-3.29/Modules/CMakeLanguageInformation.cmake",
		"/Users/thompson/Qt/Tools/CMake/CMake.app/Contents/share/cmake-3.29/Modules/Compiler/AppleClang-CXX.cmake",
		"/Users/thompson/Qt/Tools/CMake/CMake.app/Contents/share/cmake-3.29/Modules/Compiler/Clang.cmake",
		"/Users/thompson/Qt/Tools/CMake/CMake.app/Contents/share/cmake-3.29/Modules/Compiler/CMakeCommonCompilerMacros.cmake",
		"/Users/thompson/Qt/Tools/CMake/CMake.app/Contents/share/cmake-3.29/Modules/Compiler/GNU.cmake",
		"/Users/thompson/Qt/Tools/CMake/CMake.app/Contents/share/cmake-3.29/Modules/Compiler/CMakeCommonCompilerMacros.cmake",
		"/Users/thompson/Qt/Tools/CMake/CMake.app/Contents/share/cmake-3.29/Modules/Platform/Apple-AppleClang-CXX.cmake",
		"/Users/thompson/Qt/Tools/CMake/CMake.app/Contents/share/cmake-3.29/Modules/Platform/Apple-Clang-CXX.cmake",
		"/Users/thompson/Qt/Tools/CMake/CMake.app/Contents/share/cmake-3.29/Modules/Platform/Apple-Clang.cmake",
		"/Users/thompson/Qt/Tools/CMake/CMake.app/Contents/share/cmake-3.29/Modules/CMakeCommonLanguageInclude.cmake",
		"/Users/thompson/Qt/Tools/CMake/CMake.app/Contents/share/cmake-3.29/Modules/CMakeTestCXXCompiler.cmake",
		"/Users/thompson/Qt/Tools/CMake/CMake.app/Contents/share/cmake-3.29/Modules/CMakeTestCompilerCommon.cmake",
		"/Users/thompson/Qt/Tools/CMake/CMake.app/Contents/share/cmake-3.29/Modules/CMakeDetermineCompilerABI.cmake",
		"/Users/thompson/Qt/Tools/CMake/CMake.app/Contents/share/cmake-3.29/Modules/Internal/CMakeDetermineLinkerId.cmake",
		"/Users/thompson/Qt/Tools/CMake/CMake.app/Contents/share/cmake-3.29/Modules/CMakeParseImplicitIncludeInfo.cmake",
		"/Users/thompson/Qt/Tools/CMake/CMake.app/Contents/share/cmake-3.29/Modules/CMakeParseImplicitLinkInfo.cmake",
		"/Users/thompson/Qt/Tools/CMake/CMake.app/Contents/share/cmake-3.29/Modules/CMakeParseLibraryArchitecture.cmake",
		"/Users/thompson/Qt/Tools/CMake/CMake.app/Contents/share/cmake-3.29/Modules/CMakeTestCompilerCommon.cmake",
		"/Users/thompson/Qt/Tools/CMake/CMake.app/Contents/share/cmake-3.29/Modules/CMakeCXXCompilerABI.cpp",
		"/Users/thompson/Qt/Tools/CMake/CMake.app/Contents/share/cmake-3.29/Modules/CMakeDetermineCompileFeatures.cmake",
		"/Users/thompson/Qt/Tools/CMake/CMake.app/Contents/share/cmake-3.29/Modules/Internal/FeatureTesting.cmake",
		"/Users/thompson/Qt/Tools/CMake/CMake.app/Contents/share/cmake-3.29/Modules/CMakeCXXCompiler.cmake.in",
		"/Users/thompson/Qt/Project/Qt_hw2/build/Qt_6_2_0_for_macOS-Release/CMakeFiles/3.29.3/CMakeCXXCompiler.cmake",
		"/Users/thompson/Qt/6.2.0/macos/lib/cmake/Qt6/Qt6ConfigVersion.cmake",
		"/Users/thompson/Qt/6.2.0/macos/lib/cmake/Qt6/Qt6Config.cmake",
		"/Users/thompson/Qt/6.2.0/macos/lib/cmake/Qt6/Qt6ConfigExtras.cmake",
		"/Users/thompson/Qt/6.2.0/macos/lib/cmake/Qt6/QtPublicCMakeVersionHelpers.cmake",
		"/Users/thompson/Qt/6.2.0/macos/lib/cmake/Qt6/Qt6Targets.cmake",
		"/Users/thompson/Qt/6.2.0/macos/lib/cmake/Qt6/Qt6VersionlessTargets.cmake",
		"/Users/thompson/Qt/6.2.0/macos/lib/cmake/Qt6/QtFeature.cmake",
		"/Users/thompson/Qt/6.2.0/macos/lib/cmake/Qt6/QtFeatureCommon.cmake",
		"/Users/thompson/Qt/Tools/CMake/CMake.app/Contents/share/cmake-3.29/Modules/CheckCXXCompilerFlag.cmake",
		"/Users/thompson/Qt/Tools/CMake/CMake.app/Contents/share/cmake-3.29/Modules/Internal/CheckCompilerFlag.cmake",
		"/Users/thompson/Qt/Tools/CMake/CMake.app/Contents/share/cmake-3.29/Modules/Internal/CheckFlagCommonConfig.cmake",
		"/Users/thompson/Qt/Tools/CMake/CMake.app/Contents/share/cmake-3.29/Modules/Internal/CheckSourceCompiles.cmake",
		"/Users/thompson/Qt/Tools/CMake/CMake.app/Contents/share/cmake-3.29/Modules/CMakeCheckCompilerFlagCommonPatterns.cmake",
		"/Users/thompson/Qt/Tools/CMake/CMake.app/Contents/share/cmake-3.29/Modules/CheckCXXSourceCompiles.cmake",
		"/Users/thompson/Qt/Tools/CMake/CMake.app/Contents/share/cmake-3.29/Modules/Internal/CheckSourceCompiles.cmake",
		"/Users/thompson/Qt/6.2.0/macos/lib/cmake/Qt6/QtPublicFinalizerHelpers.cmake",
		"/Users/thompson/Qt/6.2.0/macos/lib/cmake/Qt6/QtPublicPluginHelpers.cmake",
		"/Users/thompson/Qt/6.2.0/macos/lib/cmake/Qt6/QtPublicTargetHelpers.cmake",
		"/Users/thompson/Qt/6.2.0/macos/lib/cmake/Qt6/QtPublicWalkLibsHelpers.cmake",
		"/Users/thompson/Qt/6.2.0/macos/lib/cmake/Qt6/QtPublicFindPackageHelpers.cmake",
		"/Users/thompson/Qt/6.2.0/macos/lib/cmake/Qt6/QtPublicDependencyHelpers.cmake",
		"/Users/thompson/Qt/Tools/CMake/CMake.app/Contents/share/cmake-3.29/Modules/CMakeFindDependencyMacro.cmake",
		"/Users/thompson/Qt/6.2.0/macos/lib/cmake/Qt6/Qt6Dependencies.cmake",
		"/Users/thompson/Qt/Tools/CMake/CMake.app/Contents/share/cmake-3.29/Modules/FindThreads.cmake",
		"/Users/thompson/Qt/Tools/CMake/CMake.app/Contents/share/cmake-3.29/Modules/CheckLibraryExists.cmake",
		"/Users/thompson/Qt/Tools/CMake/CMake.app/Contents/share/cmake-3.29/Modules/CheckIncludeFileCXX.cmake",
		"/Users/thompson/Qt/Tools/CMake/CMake.app/Contents/share/cmake-3.29/Modules/CheckCXXSourceCompiles.cmake",
		"/Users/thompson/Qt/Tools/CMake/CMake.app/Contents/share/cmake-3.29/Modules/FindPackageHandleStandardArgs.cmake",
		"/Users/thompson/Qt/Tools/CMake/CMake.app/Contents/share/cmake-3.29/Modules/FindPackageMessage.cmake",
		"/Users/thompson/Qt/6.2.0/macos/lib/cmake/Qt6/Qt6ConfigVersion.cmake",
		"/Users/thompson/Qt/6.2.0/macos/lib/cmake/Qt6/Qt6Config.cmake",
		"/Users/thompson/Qt/6.2.0/macos/lib/cmake/Qt6/Qt6ConfigExtras.cmake",
		"/Users/thompson/Qt/6.2.0/macos/lib/cmake/Qt6/QtPublicCMakeVersionHelpers.cmake",
		"/Users/thompson/Qt/6.2.0/macos/lib/cmake/Qt6/Qt6Targets.cmake",
		"/Users/thompson/Qt/6.2.0/macos/lib/cmake/Qt6/Qt6VersionlessTargets.cmake",
		"/Users/thompson/Qt/6.2.0/macos/lib/cmake/Qt6/QtFeature.cmake",
		"/Users/thompson/Qt/6.2.0/macos/lib/cmake/Qt6/QtFeatureCommon.cmake",
		"/Users/thompson/Qt/Tools/CMake/CMake.app/Contents/share/cmake-3.29/Modules/CheckCXXCompilerFlag.cmake",
		"/Users/thompson/Qt/6.2.0/macos/lib/cmake/Qt6/QtPublicFinalizerHelpers.cmake",
		"/Users/thompson/Qt/6.2.0/macos/lib/cmake/Qt6/QtPublicPluginHelpers.cmake",
		"/Users/thompson/Qt/6.2.0/macos/lib/cmake/Qt6/QtPublicTargetHelpers.cmake",
		"/Users/thompson/Qt/6.2.0/macos/lib/cmake/Qt6/QtPublicWalkLibsHelpers.cmake",
		"/Users/thompson/Qt/6.2.0/macos/lib/cmake/Qt6/QtPublicFindPackageHelpers.cmake",
		"/Users/thompson/Qt/6.2.0/macos/lib/cmake/Qt6/QtPublicDependencyHelpers.cmake",
		"/Users/thompson/Qt/Tools/CMake/CMake.app/Contents/share/cmake-3.29/Modules/CMakeFindDependencyMacro.cmake",
		"/Users/thompson/Qt/6.2.0/macos/lib/cmake/Qt6/Qt6Dependencies.cmake",
		"/Users/thompson/Qt/6.2.0/macos/lib/cmake/Qt6Widgets/Qt6WidgetsConfigVersion.cmake",
		"/Users/thompson/Qt/6.2.0/macos/lib/cmake/Qt6Widgets/Qt6WidgetsConfig.cmake",
		"/Users/thompson/Qt/Tools/CMake/CMake.app/Contents/share/cmake-3.29/Modules/CMakeFindDependencyMacro.cmake",
		"/Users/thompson/Qt/6.2.0/macos/lib/cmake/Qt6Widgets/Qt6WidgetsDependencies.cmake",
		"/Users/thompson/Qt/6.2.0/macos/lib/cmake/Qt6/Qt6ConfigVersion.cmake",
		"/Users/thompson/Qt/6.2.0/macos/lib/cmake/Qt6/Qt6Config.cmake",
		"/Users/thompson/Qt/6.2.0/macos/lib/cmake/Qt6/Qt6ConfigExtras.cmake",
		"/Users/thompson/Qt/6.2.0/macos/lib/cmake/Qt6/QtPublicCMakeVersionHelpers.cmake",
		"/Users/thompson/Qt/6.2.0/macos/lib/cmake/Qt6/Qt6Targets.cmake",
		"/Users/thompson/Qt/6.2.0/macos/lib/cmake/Qt6/Qt6VersionlessTargets.cmake",
		"/Users/thompson/Qt/6.2.0/macos/lib/cmake/Qt6/QtFeature.cmake",
		"/Users/thompson/Qt/6.2.0/macos/lib/cmake/Qt6/QtFeatureCommon.cmake",
		"/Users/thompson/Qt/Tools/CMake/CMake.app/Contents/share/cmake-3.29/Modules/CheckCXXCompilerFlag.cmake",
		"/Users/thompson/Qt/6.2.0/macos/lib/cmake/Qt6/QtPublicFinalizerHelpers.cmake",
		"/Users/thompson/Qt/6.2.0/macos/lib/cmake/Qt6/QtPublicPluginHelpers.cmake",
		"/Users/thompson/Qt/6.2.0/macos/lib/cmake/Qt6/QtPublicTargetHelpers.cmake",
		"/Users/thompson/Qt/6.2.0/macos/lib/cmake/Qt6/QtPublicWalkLibsHelpers.cmake",
		"/Users/thompson/Qt/6.2.0/macos/lib/cmake/Qt6/QtPublicFindPackageHelpers.cmake",
		"/Users/thompson/Qt/6.2.0/macos/lib/cmake/Qt6/QtPublicDependencyHelpers.cmake",
		"/Users/thompson/Qt/Tools/CMake/CMake.app/Contents/share/cmake-3.29/Modules/CMakeFindDependencyMacro.cmake",
		"/Users/thompson/Qt/6.2.0/macos/lib/cmake/Qt6/Qt6Dependencies.cmake",
		"/Users/thompson/Qt/6.2.0/macos/lib/cmake/Qt6WidgetsTools/Qt6WidgetsToolsConfigVersion.cmake",
		"/Users/thompson/Qt/6.2.0/macos/lib/cmake/Qt6WidgetsTools/Qt6WidgetsToolsConfig.cmake",
		"/Users/thompson/Qt/Tools/CMake/CMake.app/Contents/share/cmake-3.29/Modules/CMakeFindDependencyMacro.cmake",
		"/Users/thompson/Qt/6.2.0/macos/lib/cmake/Qt6WidgetsTools/Qt6WidgetsToolsDependencies.cmake",
		"/Users/thompson/Qt/6.2.0/macos/lib/cmake/Qt6CoreTools/Qt6CoreToolsConfigVersion.cmake",
		"/Users/thompson/Qt/6.2.0/macos/lib/cmake/Qt6CoreTools/Qt6CoreToolsConfig.cmake",
		"/Users/thompson/Qt/Tools/CMake/CMake.app/Contents/share/cmake-3.29/Modules/CMakeFindDependencyMacro.cmake",
		"/Users/thompson/Qt/6.2.0/macos/lib/cmake/Qt6CoreTools/Qt6CoreToolsDependencies.cmake",
		"/Users/thompson/Qt/6.2.0/macos/lib/cmake/Qt6CoreTools/Qt6CoreToolsTargets.cmake",
		"/Users/thompson/Qt/6.2.0/macos/lib/cmake/Qt6CoreTools/Qt6CoreToolsTargets-relwithdebinfo.cmake",
		"/Users/thompson/Qt/6.2.0/macos/lib/cmake/Qt6CoreTools/Qt6CoreToolsAdditionalTargetInfo.cmake",
		"/Users/thompson/Qt/6.2.0/macos/lib/cmake/Qt6CoreTools/Qt6CoreToolsVersionlessTargets.cmake",
		"/Users/thompson/Qt/6.2.0/macos/lib/cmake/Qt6GuiTools/Qt6GuiToolsConfigVersion.cmake",
		"/Users/thompson/Qt/6.2.0/macos/lib/cmake/Qt6GuiTools/Qt6GuiToolsConfig.cmake",
		"/Users/thompson/Qt/Tools/CMake/CMake.app/Contents/share/cmake-3.29/Modules/CMakeFindDependencyMacro.cmake",
		"/Users/thompson/Qt/6.2.0/macos/lib/cmake/Qt6GuiTools/Qt6GuiToolsDependencies.cmake",
		"/Users/thompson/Qt/6.2.0/macos/lib/cmake/Qt6GuiTools/Qt6GuiToolsTargets.cmake",
		"/Users/thompson/Qt/6.2.0/macos/lib/cmake/Qt6GuiTools/Qt6GuiToolsTargets-relwithdebinfo.cmake",
		"/Users/thompson/Qt/6.2.0/macos/lib/cmake/Qt6GuiTools/Qt6GuiToolsAdditionalTargetInfo.cmake",
		"/Users/thompson/Qt/6.2.0/macos/lib/cmake/Qt6GuiTools/Qt6GuiToolsVersionlessTargets.cmake",
		"/Users/thompson/Qt/6.2.0/macos/lib/cmake/Qt6WidgetsTools/Qt6WidgetsToolsTargets.cmake",
		"/Users/thompson/Qt/6.2.0/macos/lib/cmake/Qt6WidgetsTools/Qt6WidgetsToolsTargets-relwithdebinfo.cmake",
		"/Users/thompson/Qt/6.2.0/macos/lib/cmake/Qt6WidgetsTools/Qt6WidgetsToolsAdditionalTargetInfo.cmake",
		"/Users/thompson/Qt/6.2.0/macos/lib/cmake/Qt6WidgetsTools/Qt6WidgetsToolsVersionlessTargets.cmake",
		"/Users/thompson/Qt/6.2.0/macos/lib/cmake/Qt6Core/Qt6CoreConfigVersion.cmake",
		"/Users/thompson/Qt/6.2.0/macos/lib/cmake/Qt6Core/Qt6CoreConfig.cmake",
		"/Users/thompson/Qt/Tools/CMake/CMake.app/Contents/share/cmake-3.29/Modules/CMakeFindDependencyMacro.cmake",
		"/Users/thompson/Qt/6.2.0/macos/lib/cmake/Qt6Core/Qt6CoreDependencies.cmake",
		"/Users/thompson/Qt/6.2.0/macos/lib/cmake/Qt6/Qt6ConfigVersion.cmake",
		"/Users/thompson/Qt/6.2.0/macos/lib/cmake/Qt6/Qt6Config.cmake",
		"/Users/thompson/Qt/6.2.0/macos/lib/cmake/Qt6/Qt6ConfigExtras.cmake",
		"/Users/thompson/Qt/6.2.0/macos/lib/cmake/Qt6/QtPublicCMakeVersionHelpers.cmake",
		"/Users/thompson/Qt/6.2.0/macos/lib/cmake/Qt6/Qt6Targets.cmake",
		"/Users/thompson/Qt/6.2.0/macos/lib/cmake/Qt6/Qt6VersionlessTargets.cmake",
		"/Users/thompson/Qt/6.2.0/macos/lib/cmake/Qt6/QtFeature.cmake",
		"/Users/thompson/Qt/6.2.0/macos/lib/cmake/Qt6/QtFeatureCommon.cmake",
		"/Users/thompson/Qt/Tools/CMake/CMake.app/Contents/share/cmake-3.29/Modules/CheckCXXCompilerFlag.cmake",
		"/Users/thompson/Qt/6.2.0/macos/lib/cmake/Qt6/QtPublicFinalizerHelpers.cmake",
		"/Users/thompson/Qt/6.2.0/macos/lib/cmake/Qt6/QtPublicPluginHelpers.cmake",
		"/Users/thompson/Qt/6.2.0/macos/lib/cmake/Qt6/QtPublicTargetHelpers.cmake",
		"/Users/thompson/Qt/6.2.0/macos/lib/cmake/Qt6/QtPublicWalkLibsHelpers.cmake",
		"/Users/thompson/Qt/6.2.0/macos/lib/cmake/Qt6/QtPublicFindPackageHelpers.cmake",
		"/Users/thompson/Qt/6.2.0/macos/lib/cmake/Qt6/QtPublicDependencyHelpers.cmake",
		"/Users/thompson/Qt/Tools/CMake/CMake.app/Contents/share/cmake-3.29/Modules/CMakeFindDependencyMacro.cmake",
		"/Users/thompson/Qt/6.2.0/macos/lib/cmake/Qt6/Qt6Dependencies.cmake",
		"/Users/thompson/Qt/6.2.0/macos/lib/cmake/Qt6/FindWrapAtomic.cmake",
		"/Users/thompson/Qt/Tools/CMake/CMake.app/Contents/share/cmake-3.29/Modules/CheckCXXSourceCompiles.cmake",
		"/Users/thompson/Qt/Tools/CMake/CMake.app/Contents/share/cmake-3.29/Modules/FindPackageHandleStandardArgs.cmake",
		"/Users/thompson/Qt/Tools/CMake/CMake.app/Contents/share/cmake-3.29/Modules/FindPackageMessage.cmake",
		"/Users/thompson/Qt/6.2.0/macos/lib/cmake/Qt6CoreTools/Qt6CoreToolsConfigVersion.cmake",
		"/Users/thompson/Qt/6.2.0/macos/lib/cmake/Qt6CoreTools/Qt6CoreToolsConfig.cmake",
		"/Users/thompson/Qt/Tools/CMake/CMake.app/Contents/share/cmake-3.29/Modules/CMakeFindDependencyMacro.cmake",
		"/Users/thompson/Qt/6.2.0/macos/lib/cmake/Qt6CoreTools/Qt6CoreToolsDependencies.cmake",
		"/Users/thompson/Qt/6.2.0/macos/lib/cmake/Qt6CoreTools/Qt6CoreToolsTargets.cmake",
		"/Users/thompson/Qt/6.2.0/macos/lib/cmake/Qt6CoreTools/Qt6CoreToolsAdditionalTargetInfo.cmake",
		"/Users/thompson/Qt/6.2.0/macos/lib/cmake/Qt6CoreTools/Qt6CoreToolsVersionlessTargets.cmake",
		"/Users/thompson/Qt/6.2.0/macos/lib/cmake/Qt6Core/Qt6CoreTargets.cmake",
		"/Users/thompson/Qt/6.2.0/macos/lib/cmake/Qt6Core/Qt6CoreTargets-relwithdebinfo.cmake",
		"/Users/thompson/Qt/6.2.0/macos/lib/cmake/Qt6Core/Qt6CoreAdditionalTargetInfo.cmake",
		"/Users/thompson/Qt/6.2.0/macos/lib/cmake/Qt6Core/Qt6CoreVersionlessTargets.cmake",
		"/Users/thompson/Qt/6.2.0/macos/lib/cmake/Qt6Core/Qt6CoreMacros.cmake",
		"/Users/thompson/Qt/Tools/CMake/CMake.app/Contents/share/cmake-3.29/Modules/CMakeParseArguments.cmake",
		"/Users/thompson/Qt/6.2.0/macos/lib/cmake/Qt6Core/Qt6CoreConfigExtras.cmake",
		"/Users/thompson/Qt/6.2.0/macos/lib/cmake/Qt6Gui/Qt6GuiConfigVersion.cmake",
		"/Users/thompson/Qt/6.2.0/macos/lib/cmake/Qt6Gui/Qt6GuiConfig.cmake",
		"/Users/thompson/Qt/Tools/CMake/CMake.app/Contents/share/cmake-3.29/Modules/CMakeFindDependencyMacro.cmake",
		"/Users/thompson/Qt/6.2.0/macos/lib/cmake/Qt6Gui/Qt6GuiDependencies.cmake",
		"/Users/thompson/Qt/6.2.0/macos/lib/cmake/Qt6/Qt6ConfigVersion.cmake",
		"/Users/thompson/Qt/6.2.0/macos/lib/cmake/Qt6/Qt6Config.cmake",
		"/Users/thompson/Qt/6.2.0/macos/lib/cmake/Qt6/Qt6ConfigExtras.cmake",
		"/Users/thompson/Qt/6.2.0/macos/lib/cmake/Qt6/QtPublicCMakeVersionHelpers.cmake",
		"/Users/thompson/Qt/6.2.0/macos/lib/cmake/Qt6/Qt6Targets.cmake",
		"/Users/thompson/Qt/6.2.0/macos/lib/cmake/Qt6/Qt6VersionlessTargets.cmake",
		"/Users/thompson/Qt/6.2.0/macos/lib/cmake/Qt6/QtFeature.cmake",
		"/Users/thompson/Qt/6.2.0/macos/lib/cmake/Qt6/QtFeatureCommon.cmake",
		"/Users/thompson/Qt/Tools/CMake/CMake.app/Contents/share/cmake-3.29/Modules/CheckCXXCompilerFlag.cmake",
		"/Users/thompson/Qt/6.2.0/macos/lib/cmake/Qt6/QtPublicFinalizerHelpers.cmake",
		"/Users/thompson/Qt/6.2.0/macos/lib/cmake/Qt6/QtPublicPluginHelpers.cmake",
		"/Users/thompson/Qt/6.2.0/macos/lib/cmake/Qt6/QtPublicTargetHelpers.cmake",
		"/Users/thompson/Qt/6.2.0/macos/lib/cmake/Qt6/QtPublicWalkLibsHelpers.cmake",
		"/Users/thompson/Qt/6.2.0/macos/lib/cmake/Qt6/QtPublicFindPackageHelpers.cmake",
		"/Users/thompson/Qt/6.2.0/macos/lib/cmake/Qt6/QtPublicDependencyHelpers.cmake",
		"/Users/thompson/Qt/Tools/CMake/CMake.app/Contents/share/cmake-3.29/Modules/CMakeFindDependencyMacro.cmake",
		"/Users/thompson/Qt/6.2.0/macos/lib/cmake/Qt6/Qt6Dependencies.cmake",
		"/Users/thompson/Qt/6.2.0/macos/lib/cmake/Qt6/FindWrapOpenGL.cmake",
		"/Users/thompson/Qt/Tools/CMake/CMake.app/Contents/share/cmake-3.29/Modules/FindOpenGL.cmake",
		"/Users/thompson/Qt/Tools/CMake/CMake.app/Contents/share/cmake-3.29/Modules/FindPackageHandleStandardArgs.cmake",
		"/Users/thompson/Qt/Tools/CMake/CMake.app/Contents/share/cmake-3.29/Modules/FindPackageMessage.cmake",
		"/Users/thompson/Qt/Tools/CMake/CMake.app/Contents/share/cmake-3.29/Modules/FindPackageHandleStandardArgs.cmake",
		"/Users/thompson/Qt/Tools/CMake/CMake.app/Contents/share/cmake-3.29/Modules/FindPackageMessage.cmake",
		"/Users/thompson/Qt/6.2.0/macos/lib/cmake/Qt6GuiTools/Qt6GuiToolsConfigVersion.cmake",
		"/Users/thompson/Qt/6.2.0/macos/lib/cmake/Qt6GuiTools/Qt6GuiToolsConfig.cmake",
		"/Users/thompson/Qt/Tools/CMake/CMake.app/Contents/share/cmake-3.29/Modules/CMakeFindDependencyMacro.cmake",
		"/Users/thompson/Qt/6.2.0/macos/lib/cmake/Qt6GuiTools/Qt6GuiToolsDependencies.cmake",
		"/Users/thompson/Qt/6.2.0/macos/lib/cmake/Qt6GuiTools/Qt6GuiToolsTargets.cmake",
		"/Users/thompson/Qt/6.2.0/macos/lib/cmake/Qt6GuiTools/Qt6GuiToolsAdditionalTargetInfo.cmake",
		"/Users/thompson/Qt/6.2.0/macos/lib/cmake/Qt6GuiTools/Qt6GuiToolsVersionlessTargets.cmake",
		"/Users/thompson/Qt/6.2.0/macos/lib/cmake/Qt6Gui/Qt6GuiTargets.cmake",
		"/Users/thompson/Qt/6.2.0/macos/lib/cmake/Qt6Gui/Qt6GuiTargets-relwithdebinfo.cmake",
		"/Users/thompson/Qt/6.2.0/macos/lib/cmake/Qt6Gui/Qt6GuiAdditionalTargetInfo.cmake",
		"/Users/thompson/Qt/6.2.0/macos/lib/cmake/Qt6Gui/Qt6GuiVersionlessTargets.cmake",
		"/Users/thompson/Qt/6.2.0/macos/lib/cmake/Qt6Widgets/Qt6WidgetsTargets.cmake",
		"/Users/thompson/Qt/6.2.0/macos/lib/cmake/Qt6Widgets/Qt6WidgetsTargets-relwithdebinfo.cmake",
		"/Users/thompson/Qt/6.2.0/macos/lib/cmake/Qt6Widgets/Qt6WidgetsAdditionalTargetInfo.cmake",
		"/Users/thompson/Qt/6.2.0/macos/lib/cmake/Qt6Widgets/Qt6WidgetsVersionlessTargets.cmake",
		"/Users/thompson/Qt/6.2.0/macos/lib/cmake/Qt6Widgets/Qt6WidgetsMacros.cmake",
		"/Users/thompson/Qt/Tools/CMake/CMake.app/Contents/share/cmake-3.29/Modules/CMakeParseArguments.cmake",
		"/Users/thompson/Qt/Tools/CMake/CMake.app/Contents/share/cmake-3.29/Modules/GNUInstallDirs.cmake"
	],
	"CMAKE_SOURCE_DIR" : "/Users/thompson/Qt/Project/Qt_hw2",
	"CROSS_CONFIG" : false,
	"DEP_FILE" : "/Users/thompson/Qt/Project/Qt_hw2/build/Qt_6_2_0_for_macOS-Release/Qt_hw2_autogen/deps",
	"DEP_FILE_RULE_NAME" : "Qt_hw2_autogen/timestamp",
	"HEADERS" : 
	[
		[
			"/Users/thompson/Qt/Project/Qt_hw2/mainwindow.h",
			"MU",
			"EWIEGA46WW/moc_mainwindow.cpp",
			null
		]
	],
	"HEADER_EXTENSIONS" : [ "h", "hh", "h++", "hm", "hpp", "hxx", "in", "txx" ],
	"INCLUDE_DIR" : "/Users/thompson/Qt/Project/Qt_hw2/build/Qt_6_2_0_for_macOS-Release/Qt_hw2_autogen/include",
	"MOC_COMPILATION_FILE" : "/Users/thompson/Qt/Project/Qt_hw2/build/Qt_6_2_0_for_macOS-Release/Qt_hw2_autogen/mocs_compilation.cpp",
	"MOC_DEFINITIONS" : [ "QT_CORE_LIB", "QT_GUI_LIB", "QT_NO_DEBUG", "QT_WIDGETS_LIB" ],
	"MOC_DEPEND_FILTERS" : 
	[
		[
			"Q_PLUGIN_METADATA",
			"[\n][ \t]*Q_PLUGIN_METADATA[ \t]*\\([^\\)]*FILE[ \t]*\"([^\"]+)\""
		]
	],
	"MOC_INCLUDES" : 
	[
		"/Users/thompson/Qt/6.2.0/macos/lib/QtCore.framework",
		"/Users/thompson/Qt/6.2.0/macos/lib/QtCore.framework/Headers",
		"/Users/thompson/Qt/6.2.0/macos/mkspecs/macx-clang",
		"/Users/thompson/Qt/6.2.0/macos/include",
		"/Users/thompson/Qt/6.2.0/macos/lib/QtWidgets.framework",
		"/Users/thompson/Qt/6.2.0/macos/lib/QtWidgets.framework/Headers",
		"/Users/thompson/Qt/6.2.0/macos/lib/QtGui.framework",
		"/Users/thompson/Qt/6.2.0/macos/lib/QtGui.framework/Headers",
		"/usr/include",
		"/Library/Developer/CommandLineTools/SDKs/MacOSX14.4.sdk/usr/include"
	],
	"MOC_MACRO_NAMES" : [ "Q_OBJECT", "Q_GADGET", "Q_NAMESPACE", "Q_NAMESPACE_EXPORT" ],
	"MOC_OPTIONS" : [],
	"MOC_PATH_PREFIX" : false,
	"MOC_PREDEFS_CMD" : 
	[
		"/usr/bin/clang++",
		"-std=gnu++17",
		"-dM",
		"-E",
		"-c",
		"/Users/thompson/Qt/Tools/CMake/CMake.app/Contents/share/cmake-3.29/Modules/CMakeCXXCompilerABI.cpp"
	],
	"MOC_PREDEFS_FILE" : "/Users/thompson/Qt/Project/Qt_hw2/build/Qt_6_2_0_for_macOS-Release/Qt_hw2_autogen/moc_predefs.h",
	"MOC_RELAXED_MODE" : false,
	"MOC_SKIP" : [],
	"MULTI_CONFIG" : false,
	"PARALLEL" : 8,
	"PARSE_CACHE_FILE" : "/Users/thompson/Qt/Project/Qt_hw2/build/Qt_6_2_0_for_macOS-Release/CMakeFiles/Qt_hw2_autogen.dir/ParseCache.txt",
	"QT_MOC_EXECUTABLE" : "/Users/thompson/Qt/6.2.0/macos/./libexec/moc",
	"QT_UIC_EXECUTABLE" : "/Users/thompson/Qt/6.2.0/macos/./libexec/uic",
	"QT_VERSION_MAJOR" : 6,
	"QT_VERSION_MINOR" : 2,
	"SETTINGS_FILE" : "/Users/thompson/Qt/Project/Qt_hw2/build/Qt_6_2_0_for_macOS-Release/CMakeFiles/Qt_hw2_autogen.dir/AutogenUsed.txt",
	"SOURCES" : 
	[
		[ "/Users/thompson/Qt/Project/Qt_hw2/main.cpp", "MU", null ],
		[ "/Users/thompson/Qt/Project/Qt_hw2/mainwindow.cpp", "MU", null ]
	],
	"UIC_OPTIONS" : [],
	"UIC_SEARCH_PATHS" : [],
	"UIC_SKIP" : [],
	"UIC_UI_FILES" : [],
	"USE_BETTER_GRAPH" : false,
	"VERBOSITY" : 0
}
